http://news.zing.vn/da-nang-phat-nguoi-nguoi-vi-pham-luat-giao-thong-qua-camera-post694198.html	Đà Nẵng phạt nguội người vi phạm luật giao thông qua camera.	Sau một tháng tuyên truyền, CSGT Đà Nẵng bắt đầu triển khai việc xử phạt người điều khiển phương tiện vi phạm trật tự an toàn giao thông qua hệ thống camera giám sát.	Sáng  1/11, Phòng CSGT (Công an TP Đà Nẵng) bắt đầu triển khai việc xử phạt người điều khiển phương tiện vi phạm trật tự an toàn giao thông qua hệ thống camera giám sát. Theo đại tá Lê Ngọc, Trưởng Phòng CSGT TP Đà Nẵng thông qua hình thức xử phạt này, đơn vị hy vọng sẽ tăng tính răn đe đối với những người cố tình làm trái các quy định của pháp luật khi tham gia giao thông đường bộ. Trước mắt, CSGT Đà Nẵng sẽ xử phạt các lỗi vi phạm như không chấp hành hiệu lệnh của đèn tín hiệu giao thông, đi sai làn đường, phần đường… được phát hiện qua hệ thống camera giám sát dọc tuyến đường Cách Mạng Tháng 8 và các nút giao với đường Nguyễn Hữu Thọ, Lê Thanh Nghị... "Thời gian tới, khi việc lắp đặt hệ thống camera giám sát tại các tuyến đường khác hoàn thành, chúng tôi sẽ đề xuất UBND TP Đà Nẵng cho phép thực hiện phạt nguội như hiện nay", đại tá Ngọc nói. Vị lãnh đạo này cho biết thêm bên cạnh huy động lực lượng theo dõi, trích xuất hình ảnh camera để xử phạt, các tổ công tác CSGT cũng được tăng cường để xử lý các hành vi vi phạm theo chuyên đề như xe chở quá tải trọng, xe tự chế, chở hàng cồng kềnh, xe công vi phạm…	Cảnh sát Đà Nẵng đưa xe của người vi phạm về trụ sở để xử lý. Ảnh:
http://news.zing.vn/ket-xe-hang-gio-khong-nhuc-nhich-o-sai-gon-post689949.html	Kẹt xe hàng giờ không nhúc nhích ở Sài Gòn .	Hàng nghìn xe cộ ùn ứ tại ngã tư Nguyễn Hữu Thọ - Nguyễn Văn Linh, quận 7 hơn 2 giờ đồng hồ sau cơn mưa chiều 15/10.		Cơn mưa cuối giờ chiều ngày cuối tuần làm tuyến đường Nguyễn Văn Linh - Nguyễn Hữu Thọ ùn tắc. Xe tải, xe đầu kéo, xe máy chen nhau xếp hàng dài hàng km. Vào giờ cao điểm khu vực này thường xảy ra tình trạng ùn ứ nhưng người đi đường không thể hình dung chiều thứ bảy lại kẹt xe quá nặng. Xe cộ xếp hàng dài trên đường Nguyễn Hữu Thọ (đoạn từ ngã tư Nguyễn Thị Thập đến ngã tư Nguyễn Văn Linh) Xe máy, ôtô chen nhau nhích từng chút một trên đường. Xe máy còn tìm cách len lỏi tìm đường thoát. Ôtô gần như không thể nhúc nhích hàng giờ. Các bác tài phải xuống xe trò chuyện chờ dòng xe thông thoáng. Người dân vất vả tìm đường về nhà sau giờ tan tầm. Nhiều người từ các quận kéo qua quận 7 vui chơi cuối tuần cũng gặp cảnh ách tắc không thể di chuyển. Chuyến đi chơi mất vui vì chờ đợi mệt mỏi. Xe máy chen chân vào giữa dòng ôtô xếp hàng dài trên đường Nguyễn Hữu Thọ. Đường Nguyễn Hữu Thọ chỉ thông thoáng đoạn hướng về quận 1. Theo dự báo của Đài Khí tượng Thủy văn Nam bộ, đêm nay và chiều mai TP.HCM tiếp tục có mưa kết hợp triều cường.
http://news.zing.vn/thu-truong-bo-gtvt-xin-loi-hanh-khach-vi-giao-thong-chia-cat-post689971.html	Thứ trưởng Bộ GTVT xin lỗi hành khách vì giao thông chia cắt.	Chiều 15/10, Thứ trưởng Bộ GTVT Nguyễn Ngọc Đông đã tới UBND xã Cảnh Hóa, huyện Quảng Trạch (Quảng Bình) để xin lỗi hành khách đi tàu vì sự cố sạt lở đường ray tại ga Lệ Sơn.		
http://news.zing.vn/oto-dau-dau-xe-may-cho-3-tren-dai-lo-thang-long-post688928.html	Ôtô đấu đầu xe máy chở 3 trên đại lộ Thăng Long.	Vừa ra khỏi hầm chui, chiếc Innova va chạm với xe máy chở 3 được cho là chạy ngược chiều trên đại lộ Thăng Long. Pha đấu đầu khiến xe máy hư hỏng nặng.	Vụ tai nạn giao thông xảy ra rạng sáng 12/10, trên đại lộ Thăng Long, đoạn qua quận Nam Từ Liêm, TP Hà Nội. Theo thông tin ban đầu, lúc tai nạn xảy ra, một người đàn ông điều khiển ôtô Innova hướng từ Trần Duy Hưng đi đại lộ Thăng Long. Vừa vượt khỏi hầm chui trước cửa Trung tâm hội nghị quốc gia, xe 7 chỗ gặp xe máy chở 3 mang biển số Thanh Hóa chạy ngược chiều. Không kịp né tránh, hai phương tiện đấu đầu nhau. Pha va chạm mạnh khiến xe máy nát vụn, bánh trước văng khỏi xe. Còn chiếc Inova cũng bị móp phần đầu, rạn kính chắn gió trước, lao vào dải phân cách.	Xe máy nát vụn sau pha đấu đầu với ôtô trên đại lộ Thăng Long. Ảnh: Chiếc Innova cũng bị hư hỏng phần đầu. Ảnh:
http://news.zing.vn/hai-vo-chong-bi-vui-lap-khi-xe-container-dam-vao-nha-post689498.html	Hai vợ chồng bị vùi lấp khi xe container đâm vào nhà.	Xe container đang lưu thông bỗng đâm sập ngôi nhà ven đường khiến hai vợ chồng bị vùi lấp.	Khoảng 4h sáng ngày 14/10, xe container đang lưu thông trên đường Phạm Văn Đồng (Hải Phòng), hướng từ Cầu Rào lên đường cao tốc Hà Nội – Hải Phòng đã đâm vào ngôi nhà số 466. Sau cú đâm va mạnh, phần mái của ngôi nhà bị sập, khiến cặp vợ chồng đang ngủ trong nhà bị thương. Ba ngôi nhà lân cận cũng bị hư hỏng phần mái. Lái xe container bị xây xước nhẹ. Nghe tiếng động mạnh, người dân đã thức giấc, cùng nhau đưa hai vợ chồng đi cấp cứu tại các cơ sở y tế. Sáng cùng ngày, chiếc container gây tai nạn cũng đã được lực lượng cứu hộ kéo ra khỏi nhà dân. Theo nhận định của người dân ở hiện trường, nhiều khả năng do tài xế ngủ gật nên không làm chủ được tay lái, gây tai nạn. Công an Hải Phòng đã có mặt tại khu vực xảy ra tai nạn, điều tiết giao thông, điều tra làm rõ nguyên nhân. 	Phần đầu xe container húc thẳng vào nhà dân, khiến ngôi nhà bị sập.
http://news.zing.vn/quy-dinh-ro-hon-tham-quyen-cua-csgt-post688916.html	Quy định rõ hơn thẩm quyền của CSGT.	Khi người vi phạm không chấp hành, CSGT sẽ tạm giữ giấy tờ, mời về trụ sở để giải quyết hoặc hướng dẫn khiếu nại.	Thiếu tướng Trần Thế Quân, Phó cục trưởng Cục Pháp chế và Cải cách hành chính tư pháp - Bộ Công an, ngày 11/10 cho biết bộ này vừa ban hành dự thảo Thông tư Quy định về chỉ huy, điều khiển giao thông đường bộ của cảnh sát giao thông (CSGT) để lấy ý kiến dư luận. Đối tượng áp dụng là sĩ quan, hạ sĩ quan CSGT làm nhiệm vụ chỉ huy, điều khiển giao thông đường bộ (viết gọn là cảnh sát chỉ huy, điều khiển giao thông); công an các đơn vị, địa phương. Dự thảo nêu ngoài trang phục, trang thiết bị, phương tiện quy định cho CSGT, cảnh sát chỉ huy, điều khiển giao thông còn được trang bị môtô, bộ đàm cá nhân, súng, dùi cui điện, còng số 8... và các phương tiện, thiết bị kỹ thuật nghiệp vụ khác theo quy định của Bộ Công an. Đối với súng, dùi cui điện, còng số 8 thì các lực lượng này vẫn đang được trang bị. Việc sử dụng phương tiện, thiết bị kỹ thuật nghiệp vụ, vũ khí, công cụ hỗ trợ phải thực hiện theo quy định của pháp luật và Bộ Công an. Dự thảo hướng dẫn trường hợp người vi phạm không chấp hành quyết định xử phạt thì cảnh sát chỉ huy, điều khiển giao thông giải thích ngắn gọn, rõ ràng cho họ thấy rõ hành vi vi phạm. Nếu người vi phạm không chấp hành thì tạm giữ giấy tờ, mời về trụ sở đơn vị để giải quyết hoặc hướng dẫn khiếu nại. Trường hợp ôtô dừng, đỗ gây ùn tắc giao thông thì yêu cầu tài xế xuất trình các giấy tờ liên quan, đưa xe ra khỏi khu vực ùn tắc, lập biên bản và giải quyết theo quy định. Đồng thời, tổ chức lực lượng hướng dẫn, điều khiển giao thông, giải tỏa ùn tắc giao thông. Nếu tài xế đóng cửa bỏ đi hoặc không có mặt thì ghi lại hình ảnh và báo cáo chỉ huy đơn vị điều động xe cẩu đến kéo xe đó ra khỏi khu vực ùn tắc; mời người làm chứng, dán niêm phong tại các vị trí cần thiết của xe và lập biên bản theo quy định. Đối với trường hợp xảy ra vụ gây rối trật tự công cộng làm cản trở đến trật tự, an toàn giao thông thì lực lượng cảnh sát chỉ huy, điều khiển giao thông sẽ sử dụng các thiết bị kỹ thuật nghiệp vụ ghi nhận sự việc; đình chỉ ngay hành vi, thu hồi hung khí (nếu có), kiểm tra giấy tờ tùy thân của những người liên quan, tổ chức cấp cứu người bị nạn. Trường hợp người vi phạm cố tình không chấp hành yêu cầu của cảnh sát chỉ huy, điều khiển giao thông, dùng vũ lực hoặc đe dọa dùng vũ lực chống người thi hành công vụ thì thực hiện các biện pháp phòng ngừa, ngăn chặn và xử lý hành vi chống người thi hành công vụ...	CSGT Hà Nội xử phạt người vi phạm trật tự an toàn giao thông.
http://news.zing.vn/hang-khong-se-giam-gia-cho-nguoi-khuyet-tat-post689150.html	Hàng không sẽ giảm giá cho người khuyết tật.	Vietnam Airlines triển khai các chính sách ưu đãi giảm 15% giá vé từ mức giá trần hạng phổ thông cho các hành khách khuyết tật, người hạn chế khả năng di chuyển.	Từ ngày 15/10, Vietnam Airlines triển khai dịch vụ thuận tiện nhằm hỗ trợ hành khách là người hạn chế khả năng di chuyển, bao gồm người khuyết tật vận động, người khiếm thính, người khiếm thị, người già, người ốm yếu, người đi lại khó khăn… cần sự trợ giúp trong quá trình di chuyển tại nhà ga, lên xuống tàu bay và trên chuyến bay của hãng. Theo đó, hành khách hạn chế khả năng di chuyển chỉ cần thông báo về tình trạng đặc biệt ngay khi đặt chỗ, mua vé của Vietnam Airlines. Thời gian đăng ký dịch vụ được rút ngắn hơn, muộn nhất là 8 tiếng trước giờ khởi hành cho chuyến bay nội địa và 24 tiếng trước giờ khởi hành cho chuyến bay quốc tế. Hành khách sẽ được miễn phí dịch vụ hỗ trợ di chuyển, vận chuyển xe lăn cá nhân, vận chuyển chó dẫn đường trên mọi chuyến bay nội địa và quốc tế của Vietnam Airlines. Hành khách được ưu tiên xếp chỗ ngồi thuận tiện và phù hợp với nhu cầu trên nguyên tắc đảm bảo an toàn chuyến bay.  Bên cạnh đó, nhằm mang lại nhiều cơ hội đi lại hơn cho hành khách là người khuyết tật, Vietnam Airlines triển khai các chính sách ưu đãi giảm 15% giá vé từ mức giá trần hạng phổ thông và giảm giá 15% một số mức giá khuyến mãi hạng phổ thông cho chuyến bay nội địa. 	Vietnam Airlines có nhiều chính sách hỗ trợ người khuyết tật như giảm giá, miễn phí dịch vụ hỗ trợ di chuyển, vận chuyển xe lăn cá nhân. Ảnh minh họa: . 
http://news.zing.vn/thong-tuyen-duong-sat-bac-nam-post690445.html	Thông tuyến đường sắt Bắc Nam .	Sau ba ngày gián đoạn, tuyến đường sắt Bắc Nam qua Quảng Bình được khắc phục xong và thông tuyến vào chiều 17/10.	Khoảng 15h30 chiều nay 17/10, tuyến đường sắt Bắc Nam được chính thức thông suốt sau gần ba ngày bị gián đoạn. Đoạn đường sắt bị hư hại nặng nhất nằm trên địa bàn thị xã Ba Đồn và huyện Tuyên Hóa (Quảng Bình). Do mưa lớn, lũ lên nhanh vào tối 13/10 khiến nhiều đoạn đường sắt qua tỉnh Quảng Bình và Hà Tĩnh bị ngập sâu, xói mòn, hư hỏng nặng. Nhiều đoạn bị sạt lở, trôi nền đất chỉ còn trơ những thanh sắt. Nhận được tin báo, ngành đường sắt đã huy động hàng trăm công nhân cùng phương tiện, máy móc từ Đà Nẵng và Nghệ An đến khắc phục các điểm bị hư hại suốt ngày đêm. Hiện các đơn vị đường sắt vẫn tiếp tục  thi công để hoàn thiện việc khắc  phục tại các điểm hư hại nặng để trả tốc độ chạy tàu bình thường trong thời gian sớm nhất. Tốc độ tàu qua các điểm bị hư hỏng, vừa sửa chữa tạm thời là 5 km/h. Theo ông Đới Sỹ Hưng, Phó tổng giám đốc Tổng công ty Đường sắt Việt Nam, đến thời điểm này, đường sắt qua Hà Tĩnh - Quảng Bình thông tuyến nhưng mới chỉ đảm bảo cho tàu chạy qua với tốc độ thấp. Các đơn vị vẫn tiếp tục túc trực, thi công, gia cố lại những đoạn đường hư hỏng đảm bảo an toàn chạy tàu qua khu vực này. Trước đó, ông Đỗ Quang Văn, Giám đốc Chi nhánh Vận tải đường sắt Sài Gòn – Công ty CP Vận tải đường sắt Sài Gòn, cho biết trận lũ lịch sử 3 ngày qua đã khiến tuyến đường sắt Bắc Nam, đoạn qua tỉnh Quảng Bình bị xói lở, hư hại. Ngày 16/10, một số chuyến tàu như SE2, SE4, lưu thông từ ga Sài Gòn (TP.HCM) đã có thể chạy thẳng tới Hà Nội, không phải chuyển tải hành khách đoạn qua tâm lũ. Trong ngày mai, các đoàn tàu lưu thông theo chiều Bắc Nam là SE8, SE6, TN2, SE2, SE4 (từ TP.HCM tới Hà Nội) và SE22 (từ TP.HCM tới Nghệ An) cũng được tổ chức chạy đúng theo lịch trình. Với chiều ngược lại, gồm tàu TN1, SE1, SE3 sẽ chạy xuyên suốt từ Hà Nội tới TP.HCM và tàu SE19 được đi thẳng đến Đà Nẵng. Dự kiến, đến chiều tối 17/10, tuyến đường sắt Bắc – Nam đoạn qua tâm lũ miền Trung từ Hà Tĩnh đến Quảng Bình mới hoàn toàn thông suốt.	Công nhân khắc phục tuyến đường sắt do mưa lũ ở Quảng Bình. Ảnh:
http://news.zing.vn/hai-nguoi-la-danh-tai-xe-xe-tai-guc-tai-cho-roi-cuop-tai-san-post689385.html	Hai người lạ đánh tài xế xe tải gục tại chỗ rồi cướp tài sản.	Điều khiển xe tải gây va chạm với thanh niên 19 tuổi, tài xế bị hai người lạ dùng gậy sắt đánh gục tại hiện trường. Điện thoại, ví tiền của anh này sau đó bị cướp.	Vụ tai nạn xảy ra vào 15h ngày 13/10 trên đường Bùi Văn Hòa, đoạn thuộc phường Long Bình (TP Biên Hòa, Đồng Nai). Theo nhân chứng, thời gian trên, anh Nguyễn Hữu Thạc (33 tuổi, ngụ Bà Rịa - Vũng Tàu) điều khiển xe tải trên tuyến này. Đến ngã 3 khu công nghiệp Long Bình thì va chạm với xe máy do Phạm Thanh Cang (19 tuổi, ngụ Đồng Nai) lưu thông chiều ngược lại. Tai nạn khiến thanh niên 19 tuổi ngã xuống đường, bị thương nhẹ. Chiếc xe máy bị ôtô tải cuốn vào gầm, kéo lê 10 m. Lúc này, hai người lạ mặt trong ôtô 4 chỗ gần đó bước ra, cầm gậy sắt lao đến đánh tài xế xe tải. Tiếp đó, họ lấy điện thoại, ví tiền của anh Thạc rồi lên phương tiện rời khỏi hiện trường.	Lực lượng chức năng lập hồ sơ, điều tra làm rõ vụ việc. Ảnh: Tai nạn xảy ra trên đường Bùi Văn Hòa, đoạn thuộc phường Long Bình, TP Biên Hòa, Đồng Nai. Ảnh:
http://news.zing.vn/chinh-phu-tiep-tuc-nghien-cuu-duong-sat-cao-toc-bac-nam-post689743.html	Chính phủ tiếp tục nghiên cứu đường sắt cao tốc Bắc - Nam.	Phó thủ tướng Trịnh Đình Dũng yêu cầu Bộ Giao thông vận tải nghiên cứu phương án xây dựng đường sắt tốc độ cao trên trục Bắc - Nam để trình Chính phủ vào năm 2017.	Văn phòng Chính phủ vừa có thông báo ý kiến của Phó thủ tướng Trịnh Đình Dũng về tổng quan đường sắt Việt Nam và việc nghiên cứu phương án xây dựng đường sắt tốc độ cao trên trục Bắc - Nam. Theo thông báo việc nghiên cứu xây dựng mới tuyến đường sắt tốc độ cao trên trục Bắc - Nam phục vụ vận tải hành khách với chất lượng cao nhằm nâng cao năng lực cạnh tranh của nền kinh tế là nhiệm vụ hết sức quan trọng. Phó thủ tướng Trịnh Đình Dũng yêu cầu Bộ Giao thông vận tải (GTVT) khẩn trương nghiên cứu bổ sung quy định về cấp kỹ thuật đường sắt tốc độ cao vào Tiêu chuẩn ngành và Tiêu chuẩn quốc gia về cấp kỹ thuật đường sắt. Bên cạnh đó, Bộ GTVT sớm cập nhật các nghiên cứu; tổ chức nghiên cứu; tổ chức hội thảo, truyền thông và hoàn thiện Báo cáo nghiên cứu tiền khả thi Dự án; trình Hội đồng thẩm định Nhà nước, Thủ tướng, Chính phủ thông qua năm 2017 để xem xét, trình Bộ Chính trị, Ban Chấp hành Trung ương cho ý kiến và trình Quốc hội quyết định chủ trương đầu tư vào năm 2018. "Khi được Quốc hội thông qua, cần chuẩn bị kỹ về thiết kế kỹ thuật và nguồn vốn để năm 2022 - 2030 thực hiện xong các dự án ưu tiên đoạn Hà Nội - Vinh và TP.HCM- Nha Trang", Phó thủ tướng nhấn mạnh. Phó thủ tướng cũng yêu cầu Bộ GTVT  làm việc với Bộ Kế hoạch và Đầu tư để bố trí vốn ngân sách cho công tác chuẩn bị đầu tư Dự án. Đồng thời, Bộ GTVT chủ trì, phối hợp với các cơ quan liên quan đề xuất với JICA tiếp tục hỗ trợ hoàn thiện Báo cáo nghiên cứu tiền khả thi Dự án; lựa chọn tư vấn nước ngoài thẩm tra Dự án trước khi trình Thủ tướng và Hội đồng thẩm định Nhà nước. Phó thủ tướng yêu cầu các Bộ: Kế hoạch và Đầu tư, Tài chính, Công Thương, Khoa học và Công nghệ, Giáo dục và Đào tạo chủ động nghiên cứu xây dựng cơ chế, chính sách huy động vốn; các đề án về phát triển các lĩnh vực liên quan, bao gồm cả đào tạo nguồn nhân lực… phục vụ phát triển đường sắt tốc độ cao theo Chiến lược phát triển giao thông vận tải đường sắt Việt Nam đến năm 2020, tầm nhìn đến năm 2050. Năm 2010, Quốc hội từng bác dự án đường sắt cao tốc trị giá 56 tỷ USD do Chính phủ trình. Bên cạnh những ý kiến cho rằng cần thiết phải vay vốn đầu tư làm ngay, nhiều ý phản đối vì hiệu quả kinh tế của dự án quá thấp, số vốn quá lớn, chiếm phân nửa GDP của Việt Nam.	
http://news.zing.vn/2-tai-nan-lien-tuc-tren-xa-lo-ha-noi-3-nguoi-bi-thuong-post691171.html	2 tai nạn liên tục trên xa lộ Hà Nội, 3 người bị thương.	Chỉ trong vòng 30 phút, trên xa lộ Hà Nội (TP.HCM) đã liên tiếp xảy ra 2 vụ tai nạn giao thông.	Sáng 20/10, vụ tai nạn đầu tiên xảy ra khi một người đàn ông điều khiển xe máy biển số tỉnh Vĩnh Long lưu thông trên xa lộ Hà Nội hướng từ cầu Sài Gòn về quận Thủ Đức. Đến ngã 3 vào cầu Trắng (phường An Phú, quận 2), xe máy xảy ra va chạm với xe tải đông lạnh chạy cùng chiều. Vụ tai nạn khiến xe máy cùng người đàn ông bị ôtô tải kéo lê nhiều mét về phía trước. Nạn nhân ngã ra đường được người dân đưa đi cấp cứu. Khoảng 30 phút sau, cách hiện trường vụ tai nạn trên khoảng 400 m, hai thanh niên điều khiển xe máy biển số tỉnh Tây Ninh đã tông vào đuôi ôtô biển số tỉnh Đồng Nai chạy cùng chiều phía trước. Cú tông mạnh khiến người cầm lái bay về phía trước, đập người vào kính chắn gió ôtô, bất tỉnh. Người phía sau cũng bị thương.	Xe tải đông lạnh ép chặt xe máy vào con lươn. Ảnh: 2 người bị thương nặng sau khi tông vào đuôi ôtô. Ảnh: Liên tiếp xảy ra 2 vụ tai nạn trên xa lộ Hà Nội. Ảnh:
http://news.zing.vn/be-trai-13-tuoi-lai-xe-khach-gay-tai-nan-lien-hoan-post691281.html	Bé trai 13 tuổi lái xe khách gây tai nạn liên hoàn.	Trèo lên ôtô khách 29 chỗ đỗ vệ đường, bé trai 13 tuổi ở Bắc Giang phóng xe đi, gây ra tai nạn liên hoàn.	Vụ tai nạn xảy ra lúc 13h30 chiều 20/10, tại khu vực thị trấn Chũ, huyện Lục Ngạn, tỉnh Bắc Giang. Thời điểm trên, bé trai chừng hơn 10 tuổi trèo lên xe khách loại 29 chỗ mang biển số Hà Nội đỗ ven đường. Thấy chìa khóa cắm ở ổ, bé đã lái ôtô phóng đi. Một nhân chứng cho biết xe khách đã đâm trúng đuôi ôtô 5 chỗ màu đen, trước khi va chạm với bé gái đi xe đạp. Xe khách 29 chỗ chỉ dừng lại khi đâm vào nhà dân bên đường. Theo thông tin ban đầu, vụ tai nạn khiến cho bé gái đi xe đạp bị thương. Rời ghế lái, bé trai tỏ ra hoảng sợ, khóc lóc. Nhận tin báo, lực lượng chức năng huyện Lục Ngạn đã có mặt tại hiện trường để điều tra làm rõ.	Xe khách 29 chỗ do bé trai 13 tuổi điều khiển. Ảnh:  Ôtô đỗ bên đường bị xe khách đâm hỏng phần đuôi. Ảnh: Thị trấn Chũ (chấm đỏ) cách TP Bắc Giang khoảng 45 km. Ảnh:
http://news.zing.vn/can-bo-so-gtvt-len-tieng-vu-danh-nhan-vien-vietnam-airlines-post691196.html	Cán bộ Sở GTVT lên tiếng vụ đánh nhân viên Vietnam Airlines.	Anh Thuấn khẳng định mình đã ra sức can ngăn khi xô xát xảy ra. Sự việc bắt nguồn từ việc anh này và người bạn đi cùng không thể lên tàu bay dù đã khiếu nại.	Nam hành khách tên Tùng đã đánh nhân viên Vietnam Airlines tại sân bay Nội Bài vào chiều 18/10. Liên quan đến vụ xô xát với nữ nhân viên Vietnam Airlines tại nhà ga T1 Sân bay quốc tế Nội Bài, trưa 20/10, anh Đào Vịnh Thuấn, cán bộ Sở GTVT Hà Nội – người có mặt trong đoạn clip – nói với , anh chỉ là người can ngăn, không tham gia đánh chị Nguyễn Lê Quỳnh Anh, Phó đội trưởng đội Dịch vụ hàng không chuyến bay đi. Theo người đàn ông này, sự việc đáng tiếc diễn ra khi anh Trần Dương Tùng (32 tuổi) bức xúc với cách làm việc của nhân viên làm thủ tục của Vietnam Airlines. "Khi hai bên đang nói chuyện thì Tùng có hành vi lao vào tát người nữ nhân viên. Thấy vậy, một người đàn ông ở gần đó lao đến đấm đá Tùng sưng mặt. Tôi chỉ là người ra sức ngăn cản sự việc", ông Thuấn nói. Theo lời vị cán bộ GTVT, chiều 18/10, anh này và bạn là Trần Dương Tùng (32 tuổi, ở Hà Nội) đi chuyến bay VN7265 chặng Hà Nội - TP.HCM cất cánh lúc 13h55. Lúc 13h10, hai người đến quầy 38 làm thủ tục check-in. Sau khi qua cửa kiểm soát, họ được hướng dẫn đến chờ tại cửa số 5. Khoảng 40 phút sau, anh Thuấn cùng bạn lên máy bay thì nhân viên không cho vào vì nhầm cửa. Hai người này quay lại quầy 38 khiếu nại nhưng nhân viên sân bay từ chối để họ lên tàu bay do quá giờ. "Chúng tôi có phạm pháp gì đâu mà họ lại không cho lên máy bay", anh Thuấn nói và cho biết xô xát xảy ra khi nữ nhân viên cố tình quay lại clip mà không được sự cho phép của anh này. "Tôi đã bảo cô ấy không được quay vì chúng tôi không cho phép ghi hình. Thấy vậy, một nhân viên nam tiến đến nói sẽ yêu cầu cô nhân viên kia xóa clip", vị cán bộ Sở GTVT xuất hiện trong đoạn clip kể lúc này chị Quỳnh Anh không xưng là nhân viên hàng không. Sau đó, Tùng lao tới tát nữ nhân viên Vietnam Airlines và bị người đàn ông khác lao đến đấm đá sưng mặt. Còn anh Thuấn khẳng định mình chỉ can ngăn cảnh hỗn loạn. Anh này đã tường trình toàn bộ sự việc với Công an Sóc Sơn. Trong khi đó, nói với , anh Trần Dương Tùng cho rằng báo cáo từ lực lượng chức năng sân bay chỉ phản ánh một phần diễn biến vụ việc. "Chúng tôi đến sớm 40-50 phút nhưng không được bay vì chậm giờ Lúc bị quay hình tôi đang vô cùng bức xúc vì nhỡ việc làm ăn. Sự việc sẽ không đi quá xa nếu chị Quỳnh Anh mặc đồng phục hoặc tôn trọng ý kiến của tôi", hành khách xô xát với nhân viên hàng không chia sẻ. Trong khi đó, trao đổi với , chị Quỳnh Anh khẳng định bị anh Thuấn túm áo và bóp cổ. Nữ nhân viên kể lúc hết ca trực, chị chứng kiến anh Tùng và anh Thuận ra sân bay muộn nên không được làm thủ tục bay. Thấy hai người này to tiếng với nhân viên hàng không, chị Quỳnh Anh dùng điện thoại quay lại làm cơ sở báo cáo cấp trên. Sau đó, nữ nhân viên Vietnam Airlines bị anh Thuấn túm áo, túm cổ để ông Tùng đánh vào đầu. “Khi bị bóp cổ, tôi có nói 'anh thả tôi ra, tôi không thể thở được'. Hiện tôi rất sợ bị trả thù vì các khách này rất hung hãn và nghe nói có quen biết rộng”, chị Quỳnh Anh kể. Theo Trung tâm An ninh Hàng không Nội Bài, chiều 18/10, Đội An ninh cơ động nhận được thông tin từ trực ban an ninh thông báo phía trước điểm kiểm tra an ninh soi chiếu khu C, tầng 2 - nhà ga T1 xảy ra xô xát giữa chị Quỳnh Anh, Phó đội trưởng đội Dịch vụ hàng không chuyến bay đi, với 2 khách. Hai người này là Trần Dương Tùng (32 tuổi) và Đào Vịnh Thuấn (37 tuổi, cùng ở Hà Nội). Họ là khách trên chuyến bay VN7265 chặng Hà Nội-TP.HCM.	Anh Thuấn (khoanh đỏ). Ảnh: .
http://news.zing.vn/xe-khach-bi-xe-tai-dam-lat-nghieng-20-nguoi-bi-thuong-post688417.html	Xe khách bị xe tải đâm lật nghiêng, 20 người bị thương.	Chiếc xe khách đang đi chậm khi đến ngã tư thì bất ngờ bị ôtô tải lao tới tông vào hông lật nghiêng. Hàng chục hành khách hoảng loạn la hét bên trong.	Vụ tai nạn xảy ra vào sáng ngày 10/10, trên tuyến quốc lộ 10 đoạn qua địa phận TP Ninh Bình (tỉnh Ninh Bình). Thời gian trên, anh Phạm Văn Chiến (32 tuổi, ở huyện Kim Sơn, Ninh Bình) điều khiển xe khách 29 chỗ lưu thông theo hướng Kim Sơn – Ninh Bình. Trên xe lúc này có 35 hành khách. Đến khu vực ngã tư siêu thị Big C (thuộc địa bàn xã Ninh Phúc, TP Ninh Bình), xe khách bất ngờ xảy ra va chạm với chiếc ôtô tải biển số Quảng Trị do tài xế Nguyễn Tất Hoàng (26 tuổi, ở tỉnh Quảng Trị) điều khiển. Cú va chạm mạnh khiến chiếc xe khách lật nghiêng khiến toàn bộ hành khách hoảng loạn kêu cứu. Theo nhiều hành khách, thời điểm xảy ra tai nạn đèn tín hiệu giao thông ở ngã tư này chỉ nhấp nháy màu vàng. Khi xe khách đang đi chậm thì bị chiếc ôtô tải lao tới tông vào hông. "Sau tiếng động mạnh và tiếng phanh vang lên chát chúa, chúng tôi không kịp phản ứng thì xe đã bị lật. Tất cả mọi người bị dồn vào nhau gây ra cảnh hỗn loạn và la hét”, ông Tính (hành khách trên xe) bàng hoàng kể lại. Sau tai nạn, một số hành khách phá cửa kính chui ra ngoài, một số được người dân giải cứu. Vụ tai nạn khiến 20 hành khách trên xe bị thương. Họ được đi cấp cứu tại Bệnh viện Đa khoa tỉnh Ninh Bình. Tại hiện trường, chiếc xe khách bị vỡ nhiều cửa kính, nổ lốp sau nằm nghiêng. Ôtô tải bị hư hỏng nặng phần đầu cabin. Nhận tin, lực lượng CSGT Công an TP Ninh bình có mặt điều tiết giao thông, điều tra vụ việc. Ôtô khách chở hơn 10 người đang từ trên dốc lao xuống bất ngờ đâm đối đầu với xe tải chạy ngược chiều khiến xe này lật ngang.	Chiếc xe khách bị hư hỏng nặng sau tai nạn. Ảnh: Hành khách may mắn thoát chết kể lại sự việc. Ảnh: Nơi xảy ra tai nạn gần siêu thị Big C (TP Ninh Bình). Ảnh:
http://news.zing.vn/dam-vao-duoi-xe-tai-cung-chieu-phu-xe-tu-vong-trong-cabin-post688377.html	Đâm vào đuôi xe tải cùng chiều, phụ xe tử vong trong cabin .	Xe tải chở thức ăn nuôi tôm khi đi qua tỉnh Ninh Thuận đã đâm vào đuôi xe tải phía trước làm phụ xe mắc kẹt trong cabin tử vong.	Khoảng 5h30, ngày 10/10, trên quốc lộ 1A đoạn qua xã Phước Nam, (huyện Thuận Nam, Ninh Thuận) xảy ra một vụ tai nạn giao thông làm anh Trần Bá Tòng (32 tuổi, phụ xe, ngụ tại thị xã Ngã Bảy, tỉnh Hậu Giang) mắc kẹt trong cabin tử vong. Theo thông tin ban đầu, xe tải Tiền Giang do tài xế Nguyễn Thiện Nhân cầm lái, chở thức ăn nuôi tôm đang chạy theo hướng nam- bắc khi đến đoạn đường trên đã không làm chủ tốc độ. Xe chở tôm tông mạnh vào đuôi xe tải biển số Khánh Hòađang lưu thông phía trước. Cú va chạm mạnh làm đầu xe tải Tiền Giang bẹp dúm, hư hỏng hoàn toàn. Anh Tòng ngồi ở ghế phụ bị mắc kẹt trong ca bin tử vong. Tài xế 2 xe tải bị thương nhẹ. Cây tràm trên xe tải đổ tràn xuống đường. Theo một nhân chứng có mặt tại hiện trường, thời điểm trên anh đang ngủ bỗng nghe tiếng va chạm mạnh. Mọi người lập tức chạy đến ứng cứu nhưng do bị mắc kẹt và chấn thương quá nặng anh Tòng đã tử vong. 	Hiện trường vụ tai nạn. Ảnh: Địa điểm xảy ra vụ tai nạn làm phụ xe tử vong. Ảnh:
http://news.zing.vn/cac-hang-hang-khong-van-chuyen-do-cuu-tro-mien-phi-post690502.html	Các hãng hàng không vận chuyển đồ cứu trợ miễn phí.	Tổng công ty Hàng không Việt Nam thông báo hàng cứu trợ cho đồng bào chịu ảnh hưởng bởi mưa lũ ở miền Trung sẽ được vận chuyển miễn phí.	Tổng công ty Hàng không Việt Nam thông báo sẽ tiếp nhận và vận chuyển miễn phí hàng hóa cứu trợ của các cơ quan, tổ chức xã hội, từ thiện đến đồng bào chịu ảnh hưởng bởi mưa lũ miền Trung. Tổng công ty Hàng không Việt Nam thông báo hàng cứu trợ cho đồng bào chịu ảnh hưởng bởi mưa lũ ở miền Trung sẽ được vận chuyển miễn phí. Ảnh:  Theo đó, từ ngày 18/10, hàng hóa cứu trợ đồng bào lũ lụt miền Trung sẽ được đặt giữ chỗ và ưu tiên vận chuyển trên các chuyến bay của Vietnam Airlines, Jetstar Pacific và Vasco từ Hà Nội, TP.HCM đi các tỉnh Nghệ An, Hà Tĩnh, Quảng Bình, Quảng Trị. Các hãng sẽ miễn phí cước vận chuyển, phụ thu nhiên liệu và các phí liên quan đến vận chuyển hàng hóa. Theo Tổng công ty Hàng không Việt Nam, mong muốn với việc làm này là cầu nối sẻ chia phần nào những khó khăn mà người dân vùng lũ đang gặp phải. Theo đó, chương trình sẽ áp dụng đối với UBMTTQ Việt Nam các cấp, UBND tỉnh, Hội chữ thập đỏ Việt Nam các cấp, quỹ từ thiện (được cơ quan nhà nước cấp phép thành lập, công nhận điều lệ). Do ảnh hưởng của áp thấp nhiệt đới, kết hợp với không khí lạnh, từ ngày 13 đến 16/10, tại các tỉnh từ Nghệ An đến Thừa Thiên - Huế đã xảy ra mưa lớn trên diện rộng.	
http://news.zing.vn/thung-container-dinh-chat-vao-gam-duong-cao-toc-post688837.html	Thùng container dính chặt vào gầm đường cao tốc .	Xe đầu kéo chở theo thùng container chạy qua đường chui cao tốc TP.HCM – Long Thành thì bất ngờ kẹt cứng vào gầm. Mất hơn 3 giờ, phương tiện mới được giải cứu thành công.	Chiều 11/10, tài xế Nguyễn Văn Hào (28 tuổi, quê Thanh Hóa) cầm lái xe đầu kéo biển số TP.HCM kéo theo rơ-mooc cùng thùng container loại 40 feet chạy trên đường Vành Đai Đông hướng từ vòng xoay Phú Hữu về Khu công nghệ cao. Đến đoạn chui qua đường cao tốc TP.HCM – Long Thành (phường Phú Hữu, quận 9), tài xế cho xe chạy qua thì bất ngờ phần thùng container bị vướng, kẹt cứng vào gầm đường bằng bê tông.	Thùng container bị kẹt cứng dưới gầm đường cao tốc. Ảnh:
http://news.zing.vn/chay-theo-xe-buyt-nguoi-dan-ong-lot-ho-ga-tu-vong-o-sai-gon-post691533.html	Chạy theo xe buýt, người đàn ông lọt hố ga tử vong ở Sài Gòn.	Trong lúc chạy theo đón xe buýt trên đường Kinh Dương Vương (TP.HCM), người đàn ông đã lọt xuống hố ga không đậy nắp, rào chắn dẫn đến tử vong.	Một số nhân chứng cho hay chiều 21/10, người đàn ông khoảng 40 tuổi đứng trước số nhà 388 đường Kinh Dương Vương (phường An Lạc, quận Bình Tân, TP.HCM) để chờ xe buýt về bến xe Miền Tây. Khi xe buýt vừa tới, người này chạy bộ theo thì vấp phải miệng cống cao hơn mặt đường khoảng 15 cm rồi lọt vào hố ga đang thi công gần đó nhưng không rào chắn, đậy nắp. Phát hiện vụ việc, nhiều người dân vội hô hoán, tốp công nhân đang thi công gần đó chạy tới, bắc thang xuống kéo nạn nhân lên nhưng người này đã tử vong. Theo quan sát, cống sâu khoảng 2 m, nước màu đen và bốc mùi hôi thối. Hố ga sau đó mới được lực lượng chức năng che đậy, rào chắn xung quanh.	Hố ga nơi người đàn ông bị xuống, tử vong. Ảnh: Vị trí nơi người đàn ông bị lọt hố ga. Ảnh: GoogleMaps.
http://news.zing.vn/danh-tinh-5-nguoi-tu-vong-trong-vu-tai-nan-duong-sat-post692055.html	Danh tính 5 người tử vong trong vụ tai nạn đường sắt.	Ôtô 7 chỗ trong lúc băng qua đường sắt ở huyện Thường Tín (Hà Nội) đã bị tàu hỏa tông trực diện. Năm người trên ôtô tử vong, 2 người còn lại đang nguy kịch.	Vụ tai nạn giao thông nghiêm trọng xảy ra sáng nay (24/10) trên tuyến đường sắt Bắc - Nam đoạn qua thôn Văn Giáp, xã Văn Bình, huyện Thường Tín, TP Hà Nội. Thứ trưởng Bộ GTVT Nguyễn Ngọc Đông, Lãnh đạo Tổng công ty đường sắt đã có mặt tại hiện trường chỉ đạo xử lý hiện trường. Chỉ huy Công an huyện Thường Tín xác nhận vụ tai nạn xảy ra khi xe chở 7 người vượt đường sắt để sang bên kia đường. Đúng lúc này, tàu hỏa chạy tới đâm ngang ôtô 7 chỗ mang biển số Hà Nội. "Bốn người được xác định chết tại chỗ, một người tử vong khi trên đường đến bệnh viện, còn 2 người còn lại bị thương đều đang nguy kịch", vị này nói và cho biết cơ quan chức năng đang xác minh danh tính các nạn nhân. Đến 11h cùng ngày, cơ quan chức năng xác định 5 người thiệt mạng trong vụ tai nạn trên gồm: Nguyễn Duy Minh (41 tuổi, ở Thanh Trì, Hà Nội); Bùi Văn Cẩn (25 tuổi, ở Gia Viễn, Ninh Bình); Nguyễn Phương Huyền (19 tuổi, ở Thanh Trì, Hà Nội); và hai chị em ruột Nguyễn Thị Kim Dung (29 tuổi), Nguyễn Thị Mai (19 tuổi, đều ở Tương Mai, Hoàng Mai, Hà Nội). Hai nạn nhân bị thương đang được cấp cứu tại bệnh viện gồm Nguyễn Xuân Quý (33 tuổi, ở thị trấn Văn Điển, Thanh Trì, Hà Nội) và Đặng Duy Tùng (24 tuổi, ở Thanh Trì, Hà Nội). Theo hình ảnh được cộng đồng mạng chia sẻ, ôtô hư hỏng nặng sau pha va chạm. Cửa và thân ôtô bên ghế phụ biến dạng, kính vỡ văng khắp nơi. Cảnh sát đã có mặt tại hiện trường để phân luồng giao thông, điều tra nguyên nhân vụ việc. Cùng ngày, Thủ tướng Nguyễn Xuân Phúc đã gửi lời chia buồn tới gia đình các nạn nhân tử vong, động viên thăm hỏi các nạn nhân bị thương và có công điện về việc khắc phục hậu quả vụ tai nạn. Thủ tướng yêu cầu UBND TP Hà Nội chỉ đạo các cơ quan chức năng huy động điều kiện tốt nhất về y tế để cứu chữa người bị thương; tổ chức thăm hỏi, hỗ trợ động viên gia đình các nạn nhân tử vong và các nạn nhân bị thương trong vụ tai nạn; khẩn trương điều tra, làm rõ nguyên nhân, xử lý nghiêm tổ chức, cá nhân vi phạm gây ra vụ tai nạn đặc biệt nghiêm trọng này. Thủ tướng cũng giao Bộ Giao thông vận tải chỉ đạo Tổng Công ty Đường sắt Việt Nam phối hợp chặt chẽ với các cơ quan chức năng của Bộ Công an và TP Hà Nội điều tra làm rõ nguyên nhân tai nạn. Có mặt tại hiện trường, ông Khuất Việt Hùng, Phó chủ tịch UBATGT Quốc gia, cho biết theo phân tích ban đầu,hiện trường chỉ có chắn ngang tự quản, chủ yếu hoạt động ban đêm. Hệ thống biển báo đang không đặt đúng vị trí.	Hiện trường vụ tai nạn. Ảnh: Cảnh sát khám nghiệm hiện trường vụ tai nạn đường sắt. Ảnh:  Vụ tai nạn xảy ra tại thôn Văn Giáp, xã Văn Bình, huyện Thường Tín, Hà Nội. Nguồn: .
http://news.zing.vn/thanh-nien-di-bo-qua-duong-sat-bi-tau-hoa-tong-tu-vong-post692877.html	Thanh niên đi bộ qua đường sắt bị tàu hỏa tông tử vong.	Đi bộ qua từ quốc lộ 1A cũ (Hà Nội) để băng đường sắt vào khu dân cư, nam thanh niên bị tàu hỏa tông tử vong tại chỗ.	Tai nạn xảy ra vào sẩm tối 26/10, tại đoạn đường sắt qua xã Văn Tự, huyện Thường Tín (Hà Nội). Theo một số nhân chứng, nam thanh niên (chưa rõ danh tính) đi bộ từ hướng quốc lộ 1A cũ để băng qua đường sắt vào khu dân cư thì bị tàu hỏa lưu thông hướng Hà Nam đi ga Hà Nội lao tới. Bị tàu tông, nạn nhân văng ra vệ đường nơi tiếp giáp với quốc lộ và tử vong sau đó. Khi vụ va chạm xảy ra, đoàn tàu đã dừng lại. Tối cùng ngày, Công an huyện Thường Tín đến hiện trường để khám nghiệm. Theo lực lượng chức năng, nơi nạn nhân băng qua đường sắt không phải điểm giao nhau với đường dân sinh. Hai ngày trước, một vụ tai nạn đặc biệt nghiêm trọng khiến 6 người tử vong, xảy ra cách hiện trường trên khoảng 10 km, cùng thuộc huyện Thường Tín. Theo đó, khoảng 5h30 ngày 24/10, tàu SE2 lưu thông hướng TP.HCM đi Hà Nội, đến đoạn đường dân sinh giao cắt với đường sắt ở xã Văn Bình thì va chạm với ôtô 5 chỗ (trên có 7 người) đi từ hướng Trại tạm giam số 2 (Bộ Công an) ra quốc lộ 1A cũ.	Hiện trường vụ tai nạn. Ảnh: Nơi xảy ra va chạm cách ga Hà Nội khoảng 30 km. Ảnh:
http://news.zing.vn/hien-truong-vu-tau-hoa-dam-oto-5-nguoi-tu-nan-post692137.html	Hiện trường vụ tàu hỏa đâm ôtô, 5 người tử nạn.	Bị tàu hỏa đâm trực diện, sườn phải xe Honda CRV bẹp dúm. Một số nạn nhân ngồi trên xế hộp bị văng ra ngoài, tử vong tại chỗ.		
http://news.zing.vn/xe-bien-do-tong-container-tren-cao-toc-5-nguoi-gap-nan-post690908.html	Xe biển đỏ tông container trên cao tốc, 5 người gặp nạn.	Ôtô 45 chỗ đang chạy trên cao tốc TP.HCM – Long Thành thì bất ngờ tông vào đuôi xe container đang chạy phía trước khiến ít nhất một người chết và 4 người bị thương.	Sáng 19/10, ôtô khách 45 chỗ mang biển đỏ chở hàng chục người lưu thông trên cao tốc TP.HCM – Long Thành – Dầu Giây hướng từ TP.HCM đi tỉnh Đồng Nai. Đến km 18+300 (huyện Long Thành, Đồng Nai) thì ôtô bất ngờ tông vào đuôi xe container đang chạy phía trước. Cú va chạm mạnh khiến 5 người trên ôtô khách bị thương được di chuyển đến Bệnh viện huyện Long Thành cấp cứu. Trong đó, phụ xe khách do vết thương quá nặng đã tử vong, những người bị thương nặng tiếp tục chuyển viện lên TP.HCM để điều trị. Vụ tai nạn còn khiến các phương tiện hư hỏng, trong đó đầu xe khách nát bét, nhiều bộ phận văng đầy đường. Giao thông qua tuyến cao tốc bị ùn ứ .	Ôtô khách nát đầu sau khi tông đuôi container. Ảnh: Lực lượng chức năng điều tra, xử lý tai nạn. Ảnh: Vị trí xảy ra tai nạn trên đường cao tốc thuộc huyện Long Thành, tỉnh Đồng Nai. Ảnh:
http://news.zing.vn/quan-10-quyet-di-doi-ben-xe-thanh-buoi-post693094.html	Quận 10 quyết di dời 'bến xe' Thành Bưởi .	Lãnh đạo UBND quận 10 khẳng định sẽ sớm di dời trạm trung chuyển khách của nhà xe Thành Bưởi ở đường Vĩnh Viễn để lập lại trật tự an toàn giao thông trong hai tháng cuối năm.	Sáng 27/10, UBND quận 10, TP.HCM có buổi họp thông tin tình hình thực hiện nhiệm vụ phát triển kinh tế xã hội của quận trong 9 tháng đầu năm 2016 và phương hướng, nhiệm vụ trọng tâm 3 tháng cuối năm. Tại buổi họp, lãnh đạo UBND quận 10 nhấn mạnh sẽ quyết liệt bài trừ mại dâm, di dời dân ra khỏi những chung cư nguy cấp, di dời điểm trung chuyển nhà xe Thành Bưởi trong hai tháng cuối năm. Lãnh đạo quận 10 thông tin vừa qua, UBND quận đã phối hợp với Sở GTVT TP.HCM và Sở TN&MT tham gia xử lý một số vi phạm đã phát hiện đối với nhà xe Thành Bưởi và Công ty Giày da Sài Gòn. Hiện quận 10 đang tập trung thu hồi đất của Công ty Giày da Sài Gòn (nơi cho nhà xe Thành Bưởi thuê làm trụ sở, mặt bằng) xây dựng trường học. Đây là "bến xe" trá hình được các doanh nghiệp, người dân có đơn phản ánh tình hình mất trật tự, cạnh tranh không lành mạnh trong kinh doanh vận tải trong thời gian vừa qua. Phó chủ tịch UBND TP.HCM cũng đã có công văn yêu cầu các quận, huyện, Sở GTVT TP.HCM kiểm tra, xử phạt vấn nạn bến cóc, xe dù trên địa bàn thành phố. Cũng trong sáng nay, hai vấn đề được người dân quan tâm là tệ nạn mại dâm và chung cư cũ trên địa bàn quận cũng được các cơ quan liên quan thông tin. Qua đó, hai tháng cuối năm, công an quận 10 sẽ phối hợp công an quận 5 cương quyết tuần tra, kiểm soát, xử phạt tình hình mại dâm, kích dục ở các quán Hớt tóc, karaoke và trên các tuyến đường nóng mại dâm như Lý Thường Kiệt. Lãnh đạo quận cũng hứa sẽ sớm triển khai các biện pháp để sớm cải tạo, di dời dân ở các chung cư cũ, có nguy cơ đổ sập trên địa bàn quận.	"Bến xe" của nhà xe Thành Bưởi ở đường Vĩnh Viễn khiến người dân, doanh nghiệp bức xúc. Ảnh:
http://news.zing.vn/ky-luat-pho-ban-to-chuc-huyen-uy-gay-tai-nan-bo-chay-post693201.html	Kỷ luật phó Ban Tổ chức huyện ủy gây tai nạn bỏ chạy.	Huyện ủy Cẩm Xuyên (Hà Tĩnh) vừa họp kỷ luật ông Dương Trí Lan, Phó trưởng Ban Tổ chức vì gây tai nạn giao thông bỏ chạy.	Ngày 26/10, ông Hà Văn Bình, Phó bí thư Huyện ủy Cẩm Xuyên (Hà Tĩnh) cho biết Chi bộ Ban tổ chức Huyện ủy đã thống nhất hình thức kỷ luật khiển trách đối với Phó trưởng Ban tổ chức huyện ủy Dương Trí Lan – người điều khiển ôtô gây tai nạn nhưng bỏ chạy 3 tuần trước. Trước đó, tối 5/10, ông Lan điều khiển ôtô đâm vào xe máy di chuyển trên đường Trần Phú, TP Hà Tĩnh, làm một người phải nhập viện. Sau khi gây tai nạn, ông Lan không dừng lại mà lái xe bỏ đi. Thấy vậy, người dân đã đuổi theo, yêu cầu Phó trưởng Ban tổ chức huyện Cẩm Xuyên quay lại hiện trường. Qua kiểm tra, CSGT Công an TP Hà Tĩnh xác định ông Lan lái xe khi nồng độ cồn trong khí thở quá mức quy định. Trao đổi với	Xe ôtô do ông Lan điều khiển gây tai nạn ở TP Hà Tĩnh.
http://news.zing.vn/nhieu-hanh-khach-nhat-phai-cap-cuu-tai-san-bay-post693339.html	Nhiều hành khách Nhật phải cấp cứu tại sân bay.	34 hành khách Nhật Bản bay trên chuyến VN300 từ Việt Nam - Nhật Bản gặp vấn đề về sức khỏe được sơ cứu tại sân bay Narita (Tokyo).	Tổng công ty Hàng không Việt Nam (Vietnam Airlines) cho hay một nhóm hành khách trên chuyến bay TP.HCM - Narita (Tokyo) sáng 28/10 mang số hiệu VN300 gặp vấn đề về sức khỏe, ngay sau khi máy bay cất cánh. Đại diện Vietnam Airlines đã phối hợp cùng nhà chức trách tại sân bay Narita (Tokyo, Nhật Bản) tổ chức sơ cứu nhóm khách trên.  Hiện, 33 khách trên tổng số 34 khách đã được ra viện. Máy bay đã được nhà chức trách sân bay Nhật Bản kiểm tra và cho phép đưa trở lại khai thác và bay trở về Việt Nam. Theo tờ của Nhật Bản, 34 học sinh trung học của Nhật Bản trên chuyến bay của VNA từ TP.HCM về tới sân bay Narita (Tokyo) đã gặp các triệu chứng của ngộ độc thực phẩm như nôn ói, đau bụng. Sau khi máy bay hạ cánh tại sân bay Narita, các học sinh đã được đưa tới bệnh viện để kiểm tra.     Vietnam Airlines đang phối hợp với các cơ quan chức năng kiểm tra, xác định nguyên nhân vụ việc.	Ảnh nhóm học sinh được cấp cứu ở sân bay Narita. Ảnh: . 
http://news.zing.vn/co-gai-bo-ra-khoi-oto-phoi-bung-o-sai-gon-post693008.html	Cô gái bò ra khỏi ôtô 'phơi bụng' ở Sài Gòn.	Hai cô gái lái ôtô tông vào nhau gần giao lộ vào khu dân cư Nam Long (quận 7) khiến một chiếc bị lật, nằm phơi bụng trên đường.	Sáng 27/10, cô gái (khoảng 25 tuổi) lái ôtô 4 chỗ hiệu Mazda 2 biển số màu trắng chạy trên đường số 9 (Khu dân cư Nam Long, quận 7, TP.HCM). Khi rẽ trái vào đường số 8, phương tiện bị một chiếc ôtô 4 chỗ màu đỏ cũng do một cô gái điều khiển lao tới tông mạnh vào hông bên phải. Sau cú tông mạnh, chiếc màu trắng lật ngửa, hư hỏng. “Tôi cùng nhiều người chạy tới định hỗ trợ thì thấy một cô gái bò ra khỏi xe. Cô ta may mắn thắt dây an toàn nên chỉ bị xây xát nhẹ, tuy nhiên có phần hoảng sợ. Cả 2 tài xế còn rất trẻ”, một bảo vệ ở khu dân cư cho biết.	Chiếc ôtô phơi bụng trên đường. Ảnh: Chiếc ôtô màu đỏ hư hỏng nặng phần đầu. Ảnh:
http://news.zing.vn/ha-noi-co-the-cam-xe-may-vao-nam-2030-post693343.html	Hà Nội có thể cấm xe máy vào năm 2030.	Bí thư Thành ủy Hà Nội cho rằng cần phải cấm xe máy để giảm áp lực giao thông cho Hà Nội và thời hạn chuẩn bị là 14 năm.	Sáng 28/10, trao đổi với báo chí bên hành lang Quốc hội, Bí thư Thành ủy Hà Nội Hoàng Trung Hải cho biết giao thông là vấn đề chịu sức ép rất lớn đối với Hà Nội. Thành phố tăng trưởng về dân số khoảng 2,4%/năm, giải quyết 160.000 việc làm mới. Bí thư Hà Nội phân tích dân số tăng vào đô thị khoảng 200.000 người/năm, như vậy đồng thời với việc tăng lượng xe, tăng nhu cầu đi lại. Hiện, Hà Nội có khoảng 560.000 ôtô, khoảng 5,5 triệu xe máy. Tỷ lệ gia tăng của ôtô gần 17%/năm, xe máy tăng gần 8%. Trong khi đó, diện tích khu vực nội đô không mở rộng, tốc độ đầu tư cho hạ tầng của thành phố chỉ gần 4%/năm. Theo ông Hải, chỉ cần nhìn những số liệu thống kê trên có thể thấy ngay sự bất cập, việc đầu tư hạ tầng không đáp ứng được. Hiện Hà Nội thực hiện nhiều giải pháp để giải quyết sức ép hạ tầng, dân số, giao thông...trong đó có việc triển khai lấy ý kiến về đề án quản lý phương tiện cá nhân. "Đến một lúc nào đó, chúng ta cần hạn chế phương tiện cá nhân, xe biển chẵn đi ngày chẵn, biển lẻ đi ngày lẻ, phải cấm xe máy. Nhiều quốc gia có nguồn vốn, năng lực hơn họ đã làm được, chúng ta đã áp dụng phương án đó”, Bí thư Hà Nội nhận định. Lãnh đạo Hà Nội cũng cho rằng việc thực hiện cấm xe máy sẽ có lộ trình để người dân có thời gian chuẩn bị. Với ôtô, cơ quan chức năng sẽ nghiên cứu quản lý bằng cách quy định cho lưu thông theo “ngày chẵn, ngày lẻ”, không được thoải mái lưu thông như lâu nay. Người dân có quyền quyết định thời điểm cụ thể trong tương lai sử dụng phượng tiện công cộng hay đi ôtô cá nhân. “Dự thảo đề án dự kiến đến 2025 cấm xe máy các quận nội đô, nhưng trên thực tế hạ tầng giao thông chưa đáp ứng được, có khả năng lùi đến 2030. Từ nay đến đó, người dân có khoảng 14 năm để chuẩn bị, Hà Nội cũng hoàn thiện được hạ tầng, hệ thống giao thông công cộng”, ông Hoàng Trung Hải thông tin. Để giám áp lực giao thông, Bí thư Hà Nội Hoàng Trung Hải cho biết thành phố đang tập trung vốn phát triển các tuyến đường vành đai, đồng thời hoàn thiện các trục xuyên tâm, thêm trục hồ Tây - Ba Vì; mở rộng, kéo dài trục quốc lộ 6; tiếp tục làm đường trên cao, đẩy nhanh tiến độ các tuyến đường sắt đô thị… "Hà Nội cũng đang tích cực kêu gọi nguồn vốn xã hội, nhà đầu tư trong, ngoài nước đầu tư tàu điện ngầm nhưng chưa có nhà đầu tư nào quan tâm. Nếu không giải quyết được vấn đề tàu điện ngầm thì hết sức khó khăn cho giao thông trong những năm tới”, ông Hải cho hay.     Đề án sẽ dừng hoạt động đối với xe máy không đăng ký tại Hà Nội (biển kiểm soát ngoại tỉnh) vào khu vực nội đô vành đai 1 từ 7h đến 19h hàng ngày vào năm 2021.	Bí thư Hà Nội Hoàng Trung Hải thông tin hiện Hà Nội có hơn 5,5 triệu xe máy và hơn nửa triệu ôtô. Ảnh: . Đồ họa: Phượng Nguyễn.
http://news.zing.vn/thu-tuong-yeu-cau-lam-ro-tin-hanh-khach-nhat-bi-ngo-doc-post693543.html	Thủ tướng yêu cầu làm rõ tin hành khách Nhật bị ngộ độc.	Thủ tướng yêu cầu UBND TP.HCM kiểm tra làm rõ thông tin về vụ việc ngộ độc thực phẩm xảy ra trên chuyến bay của Vietnam Airlines từ TP.HCM đi Tokyo (Nhật Bản) ngày 28/10.	Văn bản của Văn phòng Chính phủ cho hay theo thông tin báo chí có 34 học sinh của Nhật Bản là hành khách trên chuyến bay TP.HCM-Narita (Tokyo) sáng 28/10 mang số hiệu VN300 của Vietnam Airlines gặp vấn đề về sức khỏe ngay sau khi máy bay cất cánh. Theo biên bản được xác nhận trên chuyến bay, đại diện trường học ở Nhật Bản khẳng định, trước khi xảy ra vấn đề sức khỏe, cả đoàn đã ăn tối tại một khách sạn ở TP.HCM. Cục Hàng không dân dụng Việt Nam thông tin hành khách có dấu hiệu bị ngộ độc thực phẩm sau bữa ăn tối tại khách sạn. Thủ tướng yêu cầu UBND TP.HCM kiểm tra làm rõ thông tin nêu trên, xử lý nghiêm vi phạm an toàn thực phẩm (nếu có), báo cáo Thủ tướng trong đầu tháng 11.  Như đã đưa tin nhóm hành khách 34 người đã gặp vấn đề về sức khỏe khi đi trên chuyến bay mang số hiệu VN300, cất cánh từ sân bay Tân Sơn Nhất (TP.HCM) đến sân bay Narita (Tokyo) lúc 0h35 sáng 28/10. Chuyến bay VN300 được khai thác bằng tàu Boeing 787, số đăng ký VNA-866 cất cánh từ TP.HCM lúc 0h35 ngày 28/10, hạ cánh tại Narita lúc 7h45 giờ địa phương. 34 người bị ngộ độc thức ăn thuộc đoàn khách của một trường THPT Nhật Bản với 263 thành viên tham gia chuyến bay, bao gồm cả học sinh và giáo viên. Đoàn khách này ăn tối tự chọn tại một khách sạn ở TP.HCM sau đó lên lên máy bay đi Tokyo, Nhật Bản. Nhóm hành khách này có triệu chứng đau bụng, mệt mỏi và bị đi ngoài, có 18 người trong số này bị nặng hơn khi bị sốt và nôn.	Hàng chục học sinh kêu đau bụng sau chuyến bay từ Việt Nam về Nhật Bản. Nguồn: . 
http://news.zing.vn/xe-khach-chay-rui-do-thap-huong-post693994.html	Xe khách cháy rụi do thắp hương.	Đang say giấc nồng, người dân huyện Quỳnh Lưu (Nghệ An) nghe tiếng kêu cứu của anh Nghĩa. Khi họ chạy ra thì chiếc xe khách của người đàn ông này đang bốc cháy ngùn ngụt.	Rạng sáng 31/10, nhiều người đang ngủ say bỗng nghe tiếng kêu cháy của anh Hồ Văn Nghĩa (thôn Trường Thịnh, Quỳnh Thuận, Quỳnh Lưu). Khi mọi người chạy ra thì thấy chiếc xe khách do người đàn ông này làm chủ đang bốc lửa ngùn ngụt. Họ nhanh chóng dùng các vật dụng khác nhau tham gia dập lửa. Tuy nhiên, đám cháy lớn, bốc dữ dội khiến việc khống chế gặp nhiều khó khăn. Đến gần 4h sáng cùng ngày, Cảnh sát PCCC số 4 đóng tại thị xã Hoàng Mai (Nghệ An) có mặt thì hỏa hoạn đã gần như thiêu rụi chiếc xe. Ông Tô Văn Bùi, Trưởng công an xã Quỳnh Thuận cho biết nguyên nhân ban đầu được xác định là trước khi đi ngủ, chủ xe đã thắp hương nên sơ ý để lửa rơi vào buồng máy và là xe bốc cháy.	Xe khách bị thiêu rụi hoàn toàn. Ảnh:
http://news.zing.vn/chu-tich-xa-dieu-khien-oto-gay-tai-nan-lam-2-nguoi-tu-vong-post694141.html	Chủ tịch xã điều khiển ôtô gây tai nạn làm 2 người tử vong.	Chiếc xe bán tải do ông Trung điều khiển đang lưu thông trên đường đã tông vào xe máy chạy ngược chiều khiến 2 thiếu niên tử vong.	Ngày 31/10, Công an huyện Quỳ Hợp cho biết đang điều tra vụ tai nạn giao thông khiến hai nạn nhân tử vong. Người điều phương tiện gây tai nạn được xác định là ông Nguyễn Văn Trung, Chủ tịch UBND xã Thọ Hợp, huyện Quỳ Hợp. Theo kết quả điều tra bước đầu, đêm 4 hôm trước, ông Trung điều khiển ôtô bán tải lưu thông trên quốc lộ 48 theo hướng Quỳ Hợp – TP Vinh. Đến địa bàn xã Tam Hợp, vị cán bộ này được cho là không làm chủ tay lái, đã đâm trực diện vào xe máy chạy ngược chiều. Vụ va chạm mạnh khiến Vũ Văn Sáng (15 tuổi) và Nguyễn Văn Hiếu (16 tuổi), đều trú tại xã Tam Hợp văng xa hơn 30 m. Xe ôtô chỉ chịu dừng lại khi lao về phía trước, quệt vào một xe máy chạy cùng chiều. Tại hiện trường, 2 xe máy bị biến dạng hoàn toàn. Ôtô hư hỏng ở phần đầu, nhiều mảnh vỡ văng tung tóe khắp nơi, kính chắn gió phía trước xe rạn nứt. Do vết thương nặng, Sáng và Hiếu tử vong. Nạn nhân còn lại đang điều trị vết thương. Theo nguồn tin của , trước khi gây ra tai nạn, ông Trung đến xã Đồng Hợp và Yên Hợp của huyện Quỳ Hợp để đánh bóng chuyền và có giao lưu ăn uống tại đây. Sau đó, ông lái xe về nhà thì gây ra tai nạn nghiêm trọng. Trung tá Đinh Anh Dũng, Trưởng Công an huyện Quỳ Hợp xác nhận sự việc. Ông Dũng cho biết thêm, vụ việc đang trong quá trình điều tra nên chưa cung cấp thông tin đầy đủ.	Hiện trường vụ tai nạn. Ảnh: Quốc lộ 48 - nơi xảy ra vụ tai nạn giao thông. Ảnh:
http://news.zing.vn/nguoi-dan-pha-cua-dua-2-tai-xe-mac-ket-trong-cabin-ra-ngoai-post693997.html	Người dân phá cửa đưa 2 tài xế mắc kẹt trong cabin ra ngoài.	Vụ tai nạn liên hoàn giữa 3 ôtô khiến một người tử vong tại chỗ, một người bị mắc kẹt trong cabin xe với 2 chân bị dập nát. Người dân phải phá cửa xe để đưa các nạn nhân ra ngoài.	 Vụ tai nạn xảy ra sáng 31/10, trên tuyến đường tránh TP Huế, quốc lộ 1 đoạn qua xã Hương Chữ (thị xã Hương Trà, tỉnh Thừa Thiên - Huế). Theo một nhân chứng, vào thời điểm trên, ôtô tải mang BKS 75C lưu thông theo hướng Nam - Bắc trong khi vượt xe container đã lấn đường sang đường ngược chiều. Do chạy với tốc độ nhanh và bị mất tay lái, xe này tông trực diện ôtô tải mang BKS 36C. Sự việc xảy ra quá nhanh khiến xe container chạy sau tiếp tục đâm vào đuôi ôtô tải gây tai nạn liên hoàn. Tại hiện trường, cú tông trực diện khiến đầu 2 ôtô tải nát vụn, khung xe bẹp rúm, lốp xe bị văng ra đường. Sau cú va chạm mạnh, tài xế ôtô tải BKS 36C tử vong tại chỗ, phụ xe bị thương nặng. Riêng tài xế xe 75C bị mắc kẹt trong cabin xe với 2 chân dập nát. Người dân cố gắng đập cửa xe đưa 2 tài xế bị mắc kẹt trong cabin ra ngoài. Khoảng 30 phút sau, đội ngũ y tế đưa các nạn nhân đi cấp cứu. "Lúc tôi chạy ra xem thì thấy tài xế xe Thanh Hóa nằm vắt qua cửa sổ, máu chảy nhiều. Riêng tài xế xe Huế thì bị mắc kẹt trong cabin xe đau đớn la hét. Chúng tôi đã dùng gậy sắt đập cửa để đưa các nạn nhân ra ngoài", nhân chứng cho hay.	Ôtô tải bị dập nát trơ khung sau cú va chạm manh. Ảnh. Lực lượng chức năng cứu hộ xe bị nạn. Ảnh. Vụ tai nạn xảy ra trên quốc lộ 1, đoạn qua xã Hương Chữ (Thừa Thiên - Huế). Ảnh:
http://news.zing.vn/tphcm-nghien-cuu-xay-cau-thay-the-pha-cat-lai-post689382.html	TP.HCM nghiên cứu xây cầu thay thế phà Cát Lái.	Bộ Giao thông vận tải sẽ chủ trì, phối hợp với UBND TP.HCM xây dựng cầu thay thế phà Cát Lái theo chỉ đạo của Thủ tướng.	Phó thủ tướng Trịnh Đình Dũng vừa có ý kiến về việc bổ sung Quy hoạch phát triển giao thông vận tải TP.HCM đến năm 2020 và tầm nhìn sau năm 2020.  Cụ thể, Phó thủ tướng giao Bộ Giao thông vận tải chủ trì, phối hợp với UBND TP.HCM  và các cơ quan liên quan nghiên cứu bổ sung xây dựng cầu thay thế phà Cát Lái vào Quy hoạch phát triển giao thông vận tải TP.HCM đến năm 2020 và tầm nhìn sau năm 2020 theo đúng chỉ đạo của Thủ tướng.  Việc lựa chọn đơn vị tư vấn nghiên cứu bổ sung quy hoạch được thực hiện theo đúng quy định của pháp luật về đấu thầu. Theo đề xuất, cầu Cát Lái có tổng chiều dài toàn tuyến khoảng 4 km (riêng cầu khoảng 3,4 km), thiết kế là loại cầu dây văng có tĩnh không 55 m, tối thiểu 4 làn xe. Điểm đầu dự án kết nối với nút giao thông Mỹ Thủy (quận 2, TP HCM) và điểm cuối cách bến phà hiện hữu khoảng 1,2 km thuộc xã Phú Hữu, đô thị Nhơn Trạch (tỉnh Đồng Nai). Về hướng tuyến, công trình chạy dọc theo đường Nguyễn Thị Định đến khoảng đầu đường nội bộ số 21 rẽ phải vượt sông Đồng Nai, hướng về đường Lý Thái Tổ - đô thị Nhơn Trạch, sau đó rẽ trái kết nối với đường Lý Thái Tổ. Dự án có tổng kinh phí đầu tư tạm tính hơn 5.700 tỷ đồng (chưa bao gồm lãi vay và lợi nhuận đầu tư). Trong đó, chi phí bồi thường giải phóng mặt bằng khoảng 1.225 tỷ đồng.	Cầu Cát Lái sẽ là loại cầu dây văng với tĩnh không 55 m. . 
